Customer,Churn
774663629,Yes
720420396,Yes
815283379,Yes
764861610,Yes
742798818,Yes
763383343,Yes
750463896,Yes
786288890,Yes
735694396,Yes
745193792,Yes
791394122,Yes
751602846,Yes
776151670,Yes
799774822,Yes
719501292,Yes
769239905,Yes
803147530,Yes
742497688,Yes
749601915,Yes
753047796,Yes
773559483,Yes
788813985,Yes
774595525,Yes
731920734,Yes
819153365,Yes
771761701,Yes
718904483,Yes
765219759,No
799931792,Yes
753752311,Yes
755858628,Yes
796902149,Yes
713284478,Yes
827797471,Yes
715585053,Yes
816052592,Yes
782787518,Yes
732123657,Yes
804769963,Yes
731955816,Yes
727047395,Yes
747763841,No
755760758,Yes
708430493,Yes
769849462,Yes
826369660,Yes
807523519,Yes
725219088,No
781969097,Yes
752993869,Yes
722562807,Yes
787676463,Yes
754700374,Yes
787597084,Yes
785213369,Yes
756369684,Yes
733080213,No
770753628,Yes
794636224,Yes
798332430,Yes
709463183,No
809073466,Yes
738674667,Yes
812124160,Yes
806492346,Yes
776079310,Yes
789596309,No
736714411,Yes
709615523,Yes
821788897,No
760188271,Yes
744476642,Yes
818371415,No
729877211,Yes
801225090,Yes
732864192,Yes
750411090,Yes
765790460,Yes
821781585,Yes
711687839,Yes
798983395,Yes
827404068,Yes
792569705,Yes
762128609,Yes
751673678,Yes
826708196,Yes
812633768,Yes
821290262,Yes
816551793,Yes
801615931,No
762609799,Yes
805391895,Yes
765339568,Yes
793738113,Yes
806995563,Yes
782606114,No
737403094,Yes
818822606,Yes
803446352,Yes
770882952,No
743048493,Yes
727651800,No
813408860,No
788278209,Yes
776799808,Yes
737774226,Yes
755265166,Yes
806778983,Yes
759501940,Yes
740980975,Yes
814905017,Yes
811462568,Yes
801024196,Yes
789847525,Yes
813117185,Yes
820871781,Yes
731522157,Yes
779889111,Yes
798224575,No
812613389,Yes
790747983,Yes
712288001,Yes
746727504,Yes
735152648,No
724968181,Yes
721590987,Yes
826521704,Yes
752694535,Yes
797259851,Yes
732767795,Yes
756882985,Yes
725289163,Yes
760306516,Yes
716041957,No
783364571,Yes
755799780,Yes
764167309,Yes
771929959,Yes
713287284,Yes
760500516,Yes
817045584,Yes
721431470,Yes
782500269,No
799546561,Yes
747137342,No
785576560,Yes
752018173,Yes
818270019,No
769851725,No
810531248,Yes
730683271,Yes
710398385,No
768710250,No
818656043,Yes
744184867,Yes
787952913,Yes
759943897,Yes
804821243,Yes
733313167,No
801768446,Yes
784132811,Yes
796399502,No
788198708,Yes
774534127,Yes
802312993,Yes
735895763,Yes
785972305,Yes
728004249,Yes
768228689,Yes
772881658,Yes
762659376,Yes
791674406,No
724592423,No
738139458,Yes
742492193,Yes
777789268,Yes
754936199,Yes
751284179,No
823381552,Yes
713208160,No
757880451,Yes
714525845,Yes
792798375,Yes
790838838,Yes
798895255,Yes
821936322,Yes
751294793,No
743811222,Yes
731002779,Yes
769140306,Yes
794582768,No
714383875,No
729574308,Yes
713393058,Yes
810184239,Yes
760484547,Yes
717057413,Yes
780258778,No
739310136,Yes
748698078,Yes
744547306,Yes
713783345,Yes
793613112,Yes
733258866,Yes
794507086,Yes
812930879,Yes
757997267,Yes
718353398,Yes
812920004,Yes
822263514,Yes
766314952,Yes
772916916,Yes
748398639,Yes
736906700,Yes
753088194,Yes
789255695,Yes
801091419,Yes
766974358,Yes
728440806,Yes
749720763,No
819742860,Yes
806677599,Yes
710034504,Yes
793897087,No
817982659,Yes
827052758,Yes
737208315,Yes
803806655,Yes
803361834,Yes
802892384,No
807730661,Yes
723418916,Yes
804574474,Yes
747225642,Yes
734807184,Yes
736271159,Yes
763908464,Yes
813525859,Yes
782791397,Yes
723687767,Yes
717014066,Yes
710937260,Yes
756831352,No
794783384,Yes
808605696,Yes
748495642,Yes
801747504,Yes
724313047,Yes
763455452,Yes
727886514,Yes
806572544,Yes
710349003,Yes
813990927,Yes
764424160,No
710817072,Yes
728474905,Yes
795753599,Yes
796002765,Yes
739771630,Yes
759523519,No
718119738,No
816933221,Yes
816523039,Yes
750190022,No
750701168,No
815560708,No
754368547,Yes
759863974,Yes
756555084,No
724095306,Yes
797847330,Yes
744181239,Yes
748301794,No
758869737,No
806739190,Yes
794129310,Yes
749010414,Yes
773151642,Yes
719654419,Yes
732737606,Yes
815243346,Yes
735695366,Yes
770604812,Yes
778160342,Yes
777897329,Yes
734862877,No
752537784,Yes
739875673,Yes
760128743,Yes
785322741,Yes
817261577,Yes
822972077,No
798041863,Yes
721022876,Yes
711301438,Yes
746738204,Yes
758718697,No
776607349,No
807587220,Yes
720833477,Yes
809684046,Yes
735700307,No
774178189,Yes
813411169,Yes
823088357,Yes
727170925,Yes
791044579,Yes
764771536,Yes
814890983,Yes
719483956,Yes
784071946,Yes
811381067,Yes
723650244,Yes
772749643,Yes
713388064,Yes
724661159,Yes
804911059,Yes
781431552,Yes
786402897,Yes
773188157,Yes
806229109,Yes
741088116,Yes
799888928,Yes
708676799,Yes
824471778,Yes
820995608,Yes
822098426,Yes
745934797,No
778994435,No
810152316,Yes
787838639,Yes
775273059,Yes
750845063,Yes
709061800,Yes
803097192,Yes
802802898,Yes
803828041,No
738257613,Yes
815719070,No
821054604,No
800019204,Yes
822468680,Yes
763951042,Yes
733457411,Yes
745989998,Yes
717949698,Yes
763661734,No
827238468,Yes
716588247,Yes
772274243,Yes
795399676,Yes
742224698,Yes
815467664,Yes
747943414,Yes
745991746,Yes
732486468,Yes
819798883,Yes
754489533,Yes
825998791,Yes
824353612,Yes
821608323,Yes
774561748,Yes
737849622,Yes
712962127,Yes
747378718,Yes
766133472,Yes
826585380,Yes
759828812,Yes
760065408,Yes
768894256,Yes
781762085,Yes
742275728,Yes
768174819,Yes
740422735,Yes
768793204,No
709990361,Yes
737006232,No
766737131,Yes
797185788,No
743498205,Yes
730727892,Yes
737403801,No
766563214,Yes
782620139,No
787115723,Yes
717760367,Yes
751730378,Yes
724984938,Yes
777353744,No
752149647,No
767541999,Yes
773251038,No
771685349,Yes
785220462,Yes
770394898,Yes
797550074,Yes
796590330,Yes
823889283,Yes
739321018,Yes
708264579,Yes
722956584,Yes
819067495,Yes
780063720,Yes
741517799,Yes
710350772,Yes
799597704,Yes
749536892,No
732436246,Yes
745176029,Yes
746241862,Yes
729329500,Yes
737252685,No
769062814,Yes
828255707,Yes
734162329,Yes
719940657,Yes
807214131,Yes
768388970,Yes
765895816,Yes
802883661,Yes
788830438,Yes
741151073,Yes
816200848,Yes
761005203,Yes
731982916,Yes
790380927,Yes
824007039,Yes
738840500,Yes
713294263,No
751438477,Yes
808691815,Yes
821916439,Yes
772122681,Yes
742069109,Yes
752557677,Yes
781140302,Yes
747606440,Yes
738017005,No
792495464,Yes
790536673,Yes
772486000,Yes
747486963,Yes
771634695,Yes
813202418,Yes
803074032,No
749705273,Yes
743675912,Yes
790885581,No
744798100,Yes
779197535,Yes
750667126,No
757409307,Yes
783579822,Yes
775329955,Yes
827143915,Yes
759657337,Yes
715057770,No
769842479,Yes
813016257,No
756130736,Yes
807786788,Yes
745521890,Yes
807481638,Yes
734720056,Yes
760895730,Yes
741488279,Yes
807104190,No
710888025,Yes
745132574,No
823074353,No
788244253,Yes
752183063,Yes
780281253,Yes
763518210,Yes
738440809,Yes
816114599,Yes
756870160,Yes
821371558,Yes
777938637,No
809068221,Yes
758088177,Yes
816723111,Yes
739474827,Yes
709678787,Yes
730470365,Yes
717940465,Yes
752592718,Yes
808211544,Yes
774302554,Yes
738246398,No
735772058,Yes
738621153,Yes
808820580,Yes
791097371,Yes
717575885,Yes
743080130,Yes
810818328,Yes
764584173,Yes
745664558,Yes
807584855,Yes
738303050,Yes
801742358,Yes
735929738,Yes
813040475,Yes
787891048,Yes
743865317,Yes
750311861,No
823335687,Yes
823267048,Yes
758800668,Yes
792647211,Yes
741638727,Yes
760080101,Yes
729162721,Yes
709668185,No
726437374,No
758214191,Yes
738858807,Yes
744809527,Yes
766661892,Yes
775920524,Yes
709749882,No
736960085,Yes
817451093,Yes
741625944,Yes
821704758,Yes
755244686,Yes
745572795,Yes
732810206,Yes
735177963,Yes
818291557,Yes
776043436,Yes
714816986,Yes
781766995,Yes
819902445,Yes
740602829,Yes
796880904,Yes
749938224,Yes
793761662,Yes
814048616,Yes
748236553,Yes
795423799,Yes
756535336,Yes
764542904,Yes
738065222,Yes
811475095,Yes
750475985,Yes
744386104,Yes
708599172,Yes
718702180,Yes
710855665,Yes
820392197,Yes
711076677,Yes
816888102,Yes
793290802,Yes
765883575,No
738939271,Yes
733637624,Yes
757354033,Yes
815453206,Yes
735724136,Yes
713126407,Yes
708816732,Yes
823264466,Yes
761983822,Yes
714486377,Yes
804820867,Yes
807242511,Yes
766193442,Yes
762058445,Yes
798605438,Yes
785267675,Yes
744709191,Yes
745908579,Yes
730162139,Yes
784333679,Yes
717731373,Yes
823563713,Yes
813803189,Yes
750618369,Yes
755857657,Yes
744845175,Yes
800129027,Yes
807255105,Yes
764249312,Yes
741448229,Yes
816482160,Yes
709685791,Yes
709033336,No
786581118,Yes
726681607,No
823343573,Yes
803989242,Yes
740939142,Yes
766052726,Yes
786175831,No
760428095,No
710270534,Yes
806562919,Yes
808685967,Yes
818420990,Yes
732682183,Yes
826000109,Yes
793667756,Yes
717833371,Yes
726805222,Yes
777173196,Yes
735971882,Yes
753394335,Yes
742486575,Yes
763676486,Yes
750383023,No
786626744,Yes
808878836,Yes
713618279,Yes
773491389,Yes
762674265,No
727136607,Yes
727814755,Yes
718271896,Yes
740812136,Yes
819095874,Yes
781905970,Yes
736629691,Yes
802254206,Yes
780281030,Yes
752197690,Yes
757658464,Yes
791339267,Yes
791857608,Yes
823231477,Yes
759650002,Yes
764844603,Yes
760589762,Yes
758353702,Yes
776270851,Yes
774974600,Yes
769801335,Yes
824362185,Yes
767670688,Yes
724816057,Yes
751010029,Yes
747861082,Yes
711063548,Yes
765938205,Yes
774005501,Yes
823863738,Yes
786343463,Yes
725001521,Yes
769116919,Yes
751475369,No
817608811,Yes
729700917,Yes
711535757,Yes
740087469,Yes
802009740,Yes
748062819,Yes
731874800,Yes
780763550,No
775177775,Yes
798613605,Yes
736735585,Yes
755361086,Yes
789982167,Yes
817226161,Yes
825545831,Yes
749699329,Yes
786024567,Yes
758817835,Yes
808438465,Yes
801572137,Yes
791452429,Yes
785971631,Yes
708545473,Yes
822990590,Yes
817690938,Yes
753496313,Yes
766640013,Yes
766157977,Yes
730547564,Yes
727420691,Yes
766427539,Yes
750991857,Yes
722705411,Yes
819253840,Yes
749481942,Yes
726920902,Yes
801261542,No
737207067,Yes
802590553,Yes
785124299,Yes
809371230,Yes
751978260,Yes
775152586,Yes
786032354,No
789197306,Yes
729263079,No
712472150,Yes
723389945,Yes
772945196,No
780638822,Yes
753803033,Yes
816353519,Yes
754082772,Yes
794484698,Yes
729046289,Yes
723995790,Yes
711117539,Yes
779518205,Yes
750112479,Yes
808098940,Yes
746841863,Yes
791084861,Yes
736009332,Yes
807478172,No
708797968,Yes
771299829,No
798660366,Yes
789314149,Yes
802643959,Yes
724371929,Yes
716554613,Yes
718042949,Yes
715435926,Yes
749452337,Yes
780890973,No
776287736,Yes
765212412,Yes
740935499,Yes
825590142,Yes
769767156,No
779606064,Yes
737681353,Yes
778655544,Yes
797053613,Yes
823108890,Yes
723847842,Yes
807496360,Yes
720942537,No
762955916,Yes
775718722,Yes
764986419,No
780458880,Yes
777857409,Yes
756789623,Yes
747467299,Yes
763740711,Yes
794424146,Yes
763312324,Yes
710100289,No
723179149,Yes
817696623,Yes
779198326,No
767888146,Yes
745006020,Yes
717546883,Yes
777666934,Yes
806266554,Yes
810794523,Yes
770512269,Yes
769245915,No
778868226,No
754442487,Yes
800660631,Yes
796719760,Yes
808349675,Yes
777171283,No
785936347,Yes
711115280,Yes
822732367,Yes
820086747,Yes
809890570,No
786697483,Yes
794656232,Yes
825622824,Yes
721556832,Yes
818625706,No
811276527,Yes
776009536,Yes
819446871,Yes
801442909,Yes
793053668,Yes
799036672,Yes
758259074,Yes
716854847,Yes
734715743,Yes
802014754,Yes
796223710,Yes
754078438,No
759884534,Yes
721600337,Yes
814056435,Yes
748936523,Yes
812425742,Yes
729813804,No
823887244,Yes
800746289,Yes
789096522,Yes
761963552,Yes
725065586,No
783329663,Yes
802231344,Yes
812172997,No
723946441,Yes
791346620,Yes
720387682,Yes
817861539,Yes
735984167,Yes
806833167,Yes
761225703,Yes
730426736,No
779907686,Yes
795263529,Yes
763104967,Yes
749596076,Yes
749314138,Yes
737149164,Yes
720863532,No
726558001,Yes
795886184,No
732296907,Yes
794566784,Yes
795760540,Yes
778336678,Yes
819115626,Yes
753345746,Yes
743831386,Yes
778206426,Yes
820711525,Yes
736524120,Yes
800169646,No
728554096,Yes
752694598,Yes
768225388,Yes
709075017,Yes
749731250,Yes
791031597,Yes
813970264,Yes
799469560,Yes
747887687,No
799254256,Yes
795219213,Yes
765810065,Yes
780305215,Yes
731576716,Yes
720076954,Yes
713297636,Yes
733841541,Yes
747643351,Yes
823071916,Yes
736866818,Yes
810486241,Yes
740407217,Yes
743442295,Yes
708750572,Yes
729837102,Yes
785642692,Yes
722560955,Yes
746706754,Yes
722426526,No
744904755,Yes
813541406,Yes
782179348,Yes
782225622,Yes
743168147,Yes
814567513,Yes
755531260,Yes
757853800,Yes
816891896,Yes
751353550,Yes
824431279,Yes
742221044,Yes
793337430,Yes
803445488,No
740604256,Yes
730918845,Yes
770627914,Yes
801698853,Yes
812199990,Yes
780388395,Yes
800533311,Yes
785133252,Yes
810073915,No
749754800,Yes
753789037,Yes
725765166,Yes
739414072,Yes
708240660,Yes
720523899,Yes
717519529,Yes
825995921,Yes
757519229,Yes
756351427,Yes
759838752,Yes
710816669,Yes
729842553,Yes
771522396,Yes
793519929,Yes
792304066,Yes
811695475,Yes
801271457,Yes
719709407,Yes
803679860,Yes
726560301,Yes
720770550,Yes
720593425,Yes
736995778,Yes
726978675,Yes
710112877,Yes
783176092,Yes
728879514,Yes
755561620,Yes
827151060,Yes
803434117,No
777805744,Yes
741044447,Yes
824726742,Yes
769486947,No
809067024,Yes
803156481,Yes
725798086,Yes
826873554,Yes
724550527,Yes
734110732,Yes
823420084,Yes
822999498,Yes
767646052,No
754840576,Yes
777943680,Yes
807936777,Yes
768428085,Yes
822190551,Yes
735310626,Yes
738537304,No
797931056,Yes
776121342,Yes
826559247,Yes
768274216,Yes
779536470,Yes
792153749,Yes
745544412,Yes
734038130,Yes
811390483,No
820265924,Yes
717135816,Yes
826636306,Yes
780482541,Yes
757206673,No
799504608,Yes
727910247,Yes
721386690,Yes
765904017,Yes
764283691,Yes
790785420,Yes
736953413,Yes
710303152,No
725772974,Yes
781708246,Yes
812283625,Yes
814955269,No
767583310,Yes
746378725,Yes
818548270,Yes
749124141,Yes
755178376,Yes
801996176,Yes
727186758,Yes
735963187,Yes
741799471,Yes
766158020,Yes
745415956,Yes
803678977,Yes
738183104,Yes
801414567,Yes
764878028,Yes
753937755,Yes
776591936,Yes
708557440,Yes
766816598,Yes
778903499,Yes
823107096,Yes
733255085,Yes
764103267,Yes
732082075,No
711603670,Yes
749710623,Yes
737848084,No
784987350,Yes
736847359,Yes
730831682,Yes
725180450,No
719495583,Yes
736921023,Yes
708182832,Yes
815611142,No
725489771,Yes
717394383,Yes
813671421,Yes
729215908,Yes
729719141,Yes
812570237,Yes
758458196,Yes
814963618,Yes
775731199,Yes
765059303,Yes
783568219,No
814643060,Yes
819135429,No
708249778,Yes
796691192,Yes
719790852,No
770721222,No
729902121,Yes
792211176,No
824733733,Yes
716198109,Yes
824668857,Yes
741537407,Yes
718752996,Yes
782788025,Yes
737673266,Yes
822817836,Yes
780245846,Yes
812599492,Yes
813830231,No
818149802,Yes
787517865,Yes
757383027,Yes
761116208,Yes
754063842,Yes
782607625,No
740039882,Yes
716471082,Yes
724824177,Yes
771842815,Yes
819231917,Yes
734187713,No
714232623,Yes
789317443,Yes
803284422,Yes
789089469,Yes
818267717,Yes
805191186,Yes
816171193,Yes
715681055,Yes
765114293,Yes
816497005,Yes
802168061,Yes
775021070,Yes
818355946,Yes
790065408,Yes
711530964,Yes
814575919,Yes
720983437,Yes
714469761,Yes
808148134,Yes
724061963,Yes
723143014,No
803981940,Yes
711956154,Yes
803633872,Yes
797996631,Yes
773681383,Yes
759352261,No
786470407,Yes
769491948,Yes
751633471,Yes
804851584,Yes
808568446,No
739860986,Yes
729744591,No
730518636,Yes
813558278,Yes
708259785,Yes
777135512,No
712973864,Yes
721604752,Yes
771387427,Yes
781612031,Yes
796486210,Yes
714586668,Yes
785671161,Yes
767583398,Yes
740246734,Yes
708278313,Yes
726779523,Yes
746967187,Yes
783830930,Yes
712733488,Yes
786458820,Yes
783994329,Yes
768056998,Yes
812266587,Yes
825333929,Yes
730544478,Yes
754801531,Yes
723085705,Yes
799739174,Yes
766589678,Yes
773330710,Yes
763191937,Yes
804650690,Yes
806074913,Yes
749831224,Yes
783481154,Yes
785431295,Yes
709084575,Yes
821102987,Yes
797966110,Yes
758023355,No
735682302,Yes
796012260,No
778724366,Yes
759807409,Yes
799023569,Yes
779599787,Yes
786748858,Yes
724609971,Yes
712325585,Yes
718929624,No
763841915,Yes
743939164,Yes
747144049,Yes
782118955,No
710379234,Yes
823702454,Yes
723043620,No
777445808,Yes
771747437,Yes
795514385,Yes
797006305,Yes
728353673,Yes
753134773,Yes
807569069,No
730087088,Yes
734925878,No
754026329,No
736568881,Yes
778861645,Yes
821419960,Yes
796321392,Yes
777011558,Yes
812769372,Yes
815237267,Yes
771903696,Yes
793940555,Yes
814955584,Yes
708594473,No
744259764,Yes
738553420,Yes
793878826,No
726199276,Yes
826802863,Yes
755751323,Yes
717531382,Yes
797462844,Yes
776911421,Yes
723685491,Yes
812880026,Yes
792213012,Yes
725819785,Yes
811734212,Yes
798356315,No
795140271,Yes
801503553,Yes
731439278,Yes
743897952,Yes
759619833,Yes
709059158,Yes
803827000,No
718943129,Yes
721333126,Yes
816356531,Yes
782786506,No
732986384,Yes
737277913,Yes
822135937,Yes
752413463,Yes
708471109,Yes
772724237,Yes
754598749,Yes
774530844,Yes
738177892,Yes
764484820,Yes
771854435,No
809081266,Yes
776494670,Yes
716677043,Yes
783515341,Yes
810524386,Yes
819243635,No
743389844,Yes
745127779,Yes
751109148,Yes
733796064,No
771475591,Yes
763667236,Yes
752960091,Yes
765923624,Yes
728743513,Yes
827403259,Yes
729669699,No
743968620,No
796728430,No
774346227,Yes
825494370,Yes
796518515,Yes
722613751,Yes
808376318,Yes
725781553,Yes
751964262,Yes
728991781,Yes
771110032,Yes
787788320,Yes
786588538,Yes
722582464,Yes
824527848,No
779426510,No
752209389,Yes
761488791,Yes
776372291,Yes
718639718,Yes
824957005,Yes
749927451,Yes
799901216,Yes
717634578,Yes
821745740,Yes
809054680,Yes
787561709,Yes
749061001,Yes
814297677,Yes
728594633,Yes
793407048,Yes
807815523,Yes
719830039,Yes
807887703,Yes
792117622,Yes
828252238,Yes
718348567,Yes
726829561,Yes
754485308,Yes
726686282,No
726287907,Yes
805550436,Yes
828043053,Yes
825961349,Yes
803420823,Yes
780030887,Yes
762598857,Yes
793845983,Yes
746058536,Yes
716989727,Yes
816429214,Yes
747083919,Yes
711542869,Yes
743699922,Yes
708905870,Yes
775742740,Yes
753448071,Yes
767732798,Yes
793598876,No
718268011,Yes
760125586,Yes
821845180,Yes
763562068,Yes
714633666,Yes
816957122,Yes
786639770,No
798415662,Yes
805851861,Yes
737323583,Yes
810946721,Yes
815316274,Yes
742688873,Yes
776687966,No
824242709,Yes
751998808,No
790148683,Yes
749546633,Yes
813969869,No
746617635,Yes
709776394,Yes
820830045,Yes
753793070,No
797580262,No
743084996,Yes
757116304,Yes
771585029,No
823334449,Yes
805227932,Yes
771724188,No
767465408,Yes
720022526,Yes
749356105,No
717245083,Yes
741714331,Yes
813462570,Yes
804957963,Yes
811193415,Yes
718435503,Yes
743729871,Yes
771761576,Yes
777315052,Yes
719897968,Yes
742594847,Yes
760333269,Yes
824997926,Yes
762065841,Yes
821121691,Yes
778292106,Yes
781994375,Yes
718756233,Yes
815223329,Yes
717909200,No
773695064,Yes
822543988,Yes
796035080,Yes
794343976,Yes
754302886,Yes
774613775,Yes
733868129,Yes
783302982,Yes
794855138,Yes
757115721,Yes
740346179,Yes
806774421,Yes
729253682,No
807817158,Yes
713289439,Yes
728393043,Yes
775751626,Yes
810308185,No
791700459,Yes
729622401,Yes
719614008,Yes
778054450,Yes
786606391,Yes
747992543,Yes
709597727,Yes
747660960,Yes
762394942,Yes
754920164,Yes
808907518,Yes
782140389,Yes
742387002,Yes
728732781,Yes
782584859,No
756123209,Yes
755313996,Yes
735291662,Yes
722442182,Yes
781667536,Yes
814987607,Yes
744990184,Yes
734513376,Yes
744741056,Yes
735368337,Yes
710119539,Yes
775419347,Yes
802364958,Yes
823112425,Yes
779915888,Yes
783318164,No
736639272,Yes
823838901,No
815361846,Yes
712814258,Yes
750271483,Yes
769291296,Yes
735566873,Yes
815551508,Yes
717341087,No
804697274,Yes
731924822,Yes
815327087,Yes
774334369,No
759128544,Yes
795818584,Yes
800680135,Yes
776980367,Yes
766776291,Yes
772567030,Yes
793414332,Yes
750359344,Yes
818251807,Yes
718635117,No
780031487,Yes
773298697,No
770158010,No
801032223,Yes
819507158,Yes
816520831,Yes
824997022,Yes
785285638,Yes
714873766,Yes
813051495,Yes
729692872,Yes
825332144,Yes
758954112,Yes
735796183,Yes
825860994,Yes
719194875,Yes
709653836,Yes
758407150,Yes
780979021,No
710732084,Yes
775113156,Yes
794592087,Yes
786823453,Yes
777433511,Yes
813014324,Yes
809145028,Yes
796169587,Yes
745426689,Yes
824859043,Yes
795392817,Yes
708267076,Yes
801218199,Yes
773578046,Yes
730743155,Yes
784594717,Yes
795643731,Yes
709602137,Yes
786567669,Yes
765533181,No
801604275,Yes
751685292,Yes
712440272,Yes
722077418,Yes
809539188,Yes
807112899,Yes
715805672,Yes
720016185,Yes
744741181,Yes
774549617,Yes
736980504,Yes
726765165,No
778070216,Yes
723607847,Yes
732291203,Yes
740956234,Yes
821365839,Yes
765485744,Yes
733762201,Yes
725539804,Yes
769382928,Yes
821280814,Yes
724327327,Yes
759315349,Yes
772765803,Yes
735888203,Yes
711691635,No
808602173,Yes
745614730,No
709328011,No
815125731,Yes
732250256,Yes
791104078,No
756714749,Yes
815274734,Yes
712795676,Yes
762330401,Yes
763065564,Yes
779377775,Yes
790609374,Yes
757452573,Yes
818476527,No
715391182,Yes
827557548,Yes
719447048,Yes
740663769,Yes
780490718,No
731007394,Yes
820951751,Yes
811530708,Yes
726568458,Yes
748224309,No
778028779,Yes
783914539,Yes
717982286,Yes
819985773,Yes
721792950,Yes
730805390,Yes
756705756,Yes
794832701,Yes
727167054,Yes
822083322,Yes
746509046,Yes
755581683,Yes
794067961,Yes
749008524,Yes
747219084,Yes
729109681,Yes
729322466,Yes
782059304,Yes
763146458,Yes
773334648,Yes
809134839,Yes
755038943,Yes
718825108,Yes
791394606,Yes
734330205,Yes
722716579,Yes
774910624,Yes
771070164,Yes
813501519,Yes
756145867,No
817599183,Yes
751719327,Yes
728000709,Yes
717505317,Yes
765305834,Yes
740932075,Yes
713835595,No
752675892,Yes
808585375,Yes
756840697,Yes
764902890,Yes
820703035,Yes
729660751,No
788210657,Yes
717590762,Yes
770599003,Yes
818291821,Yes
716271751,Yes
750315276,Yes
787447897,Yes
718898490,Yes
727242871,Yes
709482228,Yes
823738161,Yes
725952550,No
755491253,Yes
722375921,Yes
739854184,Yes
782315794,Yes
751253496,Yes
779562506,Yes
747970803,Yes
744704726,Yes
820193310,Yes
722642204,Yes
732971656,Yes
726024224,Yes
817571391,Yes
799233558,Yes
708976107,Yes
789864716,Yes
760355949,Yes
768647519,Yes
741790379,Yes
722886580,No
788834919,Yes
774137360,No
724900050,Yes
722116155,Yes
714468131,Yes
765059793,Yes
714589667,Yes
751976634,Yes
816189911,Yes
778971565,Yes
780057818,Yes
825014095,Yes
746172798,No
749103708,Yes
714988297,Yes
742966744,Yes
824721330,No
765059890,Yes
799579164,Yes
721729814,Yes
758137789,Yes
799329971,Yes
825703839,Yes
711951953,Yes
714652932,Yes
734361588,Yes
816372769,Yes
712854645,Yes
716204315,Yes
791083750,Yes
759082171,No
779528335,Yes
777299188,Yes
809042284,Yes
824145957,Yes
725642342,Yes
750882737,Yes
759482552,Yes
719260840,Yes
710375303,Yes
819260021,Yes
804435813,Yes
827332350,Yes
811613314,Yes
820545290,Yes
778683935,Yes
758622107,No
725564597,Yes
713484935,Yes
778430740,Yes
822108160,Yes
787038639,Yes
786927747,No
770811509,Yes
767387335,Yes
777040923,Yes
722547071,Yes
771231167,Yes
730304501,Yes
805046679,Yes
743284560,Yes
796443936,Yes
710044564,No
787267688,Yes
723559598,Yes
728133093,Yes
748101430,Yes
775056788,Yes
750088071,Yes
770092844,Yes
730002906,Yes
798145836,Yes
773803200,Yes
737094067,Yes
728348668,Yes
798295158,Yes
768493974,Yes
809163921,Yes
782193471,Yes
805459189,Yes
716042493,Yes
756587954,Yes
738829136,No
791738660,Yes
798531711,Yes
768350401,Yes
753755605,Yes
716506616,Yes
751738237,Yes
764067808,Yes
746352382,Yes
713099146,Yes
795840741,Yes
814572316,Yes
746661703,Yes
810400183,Yes
775712973,Yes
793813444,Yes
822924349,Yes
785523279,Yes
798858240,Yes
758948042,Yes
747798773,Yes
764955758,No
754355413,Yes
777966295,Yes
793985647,Yes
767107670,Yes
804465746,No
731151461,Yes
718965714,No
780551806,Yes
788378896,Yes
746007808,Yes
748210232,Yes
822767837,Yes
724264008,Yes
738799576,Yes
828081535,No
796253415,Yes
755067828,Yes
799200308,Yes
769886779,Yes
826606455,Yes
785342756,Yes
769134146,No
770660224,Yes
731270468,Yes
775118374,Yes
751066716,Yes
738691308,Yes
716117511,No
785820758,Yes
748605259,No
743219968,Yes
819250242,Yes
823888671,Yes
734222867,Yes
749738855,Yes
803844933,Yes
787910439,Yes
778530565,No
713133757,Yes
794117551,Yes
721505552,Yes
813773088,Yes
737478549,Yes
778591800,Yes
782003190,Yes
763061381,No
796081407,Yes
793721815,Yes
816365341,Yes
738398303,No
728981531,Yes
722121978,Yes
717138618,Yes
760365566,Yes
748165638,Yes
716561244,Yes
758365759,Yes
750637927,Yes
742406379,No
822284107,Yes
723498467,Yes
738526369,Yes
746804328,Yes
723724597,Yes
716816292,Yes
758649240,Yes
710461078,No
824573772,Yes
811774925,No
822378146,Yes
782610762,No
804292130,Yes
765144185,Yes
770477472,Yes
708339310,No
749910753,No
757367717,Yes
796654569,Yes
804125291,Yes
732405060,Yes
776733319,Yes
758773139,Yes
744977121,Yes
788191247,Yes
745237483,No
778574700,Yes
811109569,Yes
724248760,Yes
722879741,Yes
777074267,Yes
796910079,Yes
827327581,Yes
825587334,Yes
790648617,Yes
750211305,Yes
807019068,Yes
805095304,Yes
810533825,Yes
738094809,Yes
791473650,Yes
780206350,Yes
723174183,Yes
814778943,No
711221378,Yes
734010859,Yes
727692089,Yes
820061873,Yes
721916298,Yes
805656237,Yes
818882178,Yes
772060717,Yes
747030310,Yes
798676012,Yes
717376881,Yes
820264681,Yes
764391960,No
745699375,Yes
744339763,Yes
782778366,Yes
804727665,Yes
735944701,Yes
797586117,Yes
755416980,Yes
787720982,Yes
800049742,Yes
768642795,Yes
720218798,No
729148197,Yes
789915686,Yes
737134377,Yes
809906796,Yes
777460799,Yes
717599305,Yes
828306544,Yes
809926043,Yes
805347528,Yes
709981818,Yes
711386361,Yes
779438616,Yes
761146968,Yes
727987234,Yes
749164413,Yes
738584577,Yes
755613558,Yes
712486168,Yes
748610773,Yes
779011642,Yes
740357010,Yes
762643990,Yes
813770052,Yes
709914604,No
808861068,Yes
761317270,Yes
708892131,Yes
818140653,Yes
724936408,Yes
828117522,Yes
712212684,Yes
712800371,Yes
826572523,Yes
796396583,Yes
768332155,Yes
808194487,Yes
734809671,Yes
754813179,Yes
788517231,Yes
782860937,Yes
814253380,Yes
743484343,Yes
789886536,Yes
767808545,Yes
759189301,Yes
798929043,Yes
716464753,Yes
798513293,Yes
822363862,No
822305052,Yes
729082541,Yes
763253118,Yes
783836358,Yes
710913957,Yes
746851302,No
791132806,Yes
727775776,Yes
755139407,No
771714576,No
777570088,Yes
754700825,Yes
746170817,Yes
765758765,Yes
777974087,Yes
775971724,Yes
775474401,No
797960257,Yes
724475663,No
721181526,Yes
708330935,Yes
816620624,Yes
775306387,Yes
822660037,No
796771665,Yes
734452569,Yes
779317757,Yes
798298913,Yes
708509435,Yes
809771585,Yes
800748064,Yes
770228644,Yes
735904352,Yes
761144700,No
821029225,Yes
739689805,Yes
808259442,No
780369008,No
730878550,Yes
816772032,Yes
800107706,Yes
734547730,Yes
712915303,Yes
760746710,Yes
711374696,Yes
708595333,Yes
711446944,Yes
795331255,Yes
773591273,Yes
738978914,Yes
737807709,Yes
806876329,Yes
795878071,Yes
746314210,Yes
715516060,Yes
728022425,Yes
827456142,No
819687542,Yes
815406339,No
785460742,Yes
774836936,Yes
728874285,Yes
826030231,Yes
787827907,Yes
782711939,Yes
711128427,Yes
784758981,Yes
782264057,Yes
803342795,Yes
792486541,Yes
743178298,Yes
740864428,Yes
802291930,Yes
709397337,Yes
751650915,Yes
730933539,No
725175863,No
733112076,Yes
794061856,Yes
809775423,No
776140916,No
795592941,Yes
777653596,Yes
778674736,Yes
818069959,Yes
777730809,Yes
744018217,Yes
823261941,Yes
788042656,Yes
822047062,Yes
799107772,Yes
766616950,Yes
808590334,Yes
780912837,Yes
792721548,Yes
761646548,Yes
762484346,Yes
814565224,Yes
795774026,Yes
823253851,Yes
821801881,Yes
817839753,Yes
751242410,Yes
800335309,Yes
763699664,Yes
710243122,No
719286877,Yes
798566463,Yes
805800375,Yes
825290431,No
804450250,No
784907431,No
790005403,Yes
792729041,Yes
814725277,Yes
743291882,No
769334872,Yes
808033654,Yes
783619387,Yes
814352975,Yes
775164602,Yes
817380518,Yes
730468883,Yes
720825692,Yes
820540092,No
800046946,Yes
711657708,Yes
742163462,Yes
818983007,Yes
750794330,Yes
743977567,No
815356507,Yes
712168350,Yes
743949230,Yes
795841421,Yes
731289550,Yes
766697026,Yes
742079062,Yes
791893962,Yes
810519555,Yes
734101421,No
745318820,Yes
796474090,Yes
806851069,Yes
771802900,Yes
753516053,Yes
815613759,No
816771253,Yes
708977095,Yes
751636080,Yes
722626679,Yes
802795404,No
826718221,Yes
751957753,Yes
771686643,Yes
774731920,Yes
771454365,Yes
785636254,Yes
758110045,No
734736853,Yes
807193653,Yes
726750349,Yes
798610798,Yes
818247234,Yes
726033120,Yes
734315799,Yes
743086675,Yes
734373232,Yes
758329349,Yes
791232277,Yes
799443501,Yes
715083800,Yes
815775064,Yes
713287561,Yes
714036800,Yes
780853392,Yes
804803570,Yes
710753477,Yes
718569579,Yes
739318189,Yes
750392611,Yes
799306138,Yes
737025008,Yes
726415527,No
731588061,Yes
758385903,Yes
745290103,Yes
743282514,No
803406861,Yes
802284528,Yes
761226359,No
745190156,Yes
762058083,Yes
780096583,Yes
744157870,Yes
708708555,No
727844930,No
780046339,No
792111589,Yes
820983336,Yes
760353752,Yes
768018006,Yes
786310327,Yes
753997396,Yes
722454340,Yes
791438938,Yes
800935524,Yes
729771808,Yes
756853599,No
773342254,Yes
750398603,Yes
779017769,Yes
758584642,Yes
794946487,No
711140127,Yes
822299870,Yes
783796617,No
721391939,Yes
806374672,Yes
742671896,Yes
795439540,Yes
710602855,Yes
817223981,Yes
823001798,Yes
808385860,Yes
744913769,No
717975794,Yes
711000040,Yes
821624565,Yes
788507340,Yes
753673438,Yes
746393780,Yes
717830992,No
812141248,Yes
798633112,Yes
741934400,Yes
807464845,Yes
806140227,Yes
709329683,Yes
785615641,Yes
779164497,No
713039836,Yes
774728375,Yes
721586402,Yes
777576300,No
822935986,Yes
826366621,Yes
805242858,Yes
744310766,Yes
813438458,No
717874794,Yes
817934662,Yes
783467722,Yes
722436622,Yes
740123543,Yes
739164215,No
769873753,Yes
743632924,Yes
772866858,Yes
826081059,Yes
817221626,Yes
720482776,Yes
806172756,Yes
774377750,Yes
798811241,Yes
800083772,Yes
825658157,Yes
760790381,Yes
791225048,Yes
808550127,Yes
742034436,Yes
795056890,Yes
772997523,No
728196356,No
719984346,Yes
764721417,Yes
732998710,Yes
723944430,No
815752602,Yes
750944910,Yes
767225867,Yes
802225545,Yes
747020282,Yes
725784795,No
710579935,Yes
729468990,Yes
748997360,Yes
764381218,No
805331912,Yes
733804602,Yes
759465176,Yes
717965732,Yes
825139420,Yes
775366658,Yes
713918559,Yes
802175699,No
824512725,Yes
757437981,Yes
757201344,Yes
790033374,Yes
751599570,Yes
769877777,Yes
711330649,Yes
766423857,Yes
772029230,No
794754251,Yes
745837191,Yes
773987655,No
722784443,No
799584051,Yes
718489090,Yes
737512391,No
732390180,No
750355078,Yes
743896094,Yes
744907889,Yes
737173721,Yes
769759096,Yes
814712625,Yes
793913036,Yes
717246443,Yes
785332905,Yes
789029592,Yes
742702705,Yes
732509458,Yes
778561059,Yes
793461239,Yes
822151156,Yes
783148741,Yes
801948865,Yes
726740146,Yes
755797521,Yes
786830023,Yes
804274339,No
783299411,Yes
817984730,Yes
748366026,Yes
753751250,Yes
742051585,Yes
823178282,No
722290799,Yes
784169610,Yes
732468589,Yes
750437076,Yes
756738664,Yes
779994208,Yes
759664147,Yes
783673640,Yes
728774617,Yes
751044057,Yes
762333087,Yes
800932873,Yes
813384214,Yes
801235809,Yes
755913579,Yes
806789287,No
774299949,Yes
805810127,Yes
708851784,Yes
799126883,Yes
751457948,No
714965902,Yes
823468590,Yes
789188813,Yes
805658819,Yes
733994172,Yes
722903100,No
820912970,Yes
728573254,Yes
817318203,No
774879496,Yes
768143603,Yes
754114721,Yes
761497853,Yes
810994034,Yes
804958055,No
744240883,Yes
811170707,Yes
716205582,Yes
771486110,Yes
757048369,Yes
737856254,Yes
728816067,Yes
817598462,Yes
821322859,Yes
783894617,Yes
711980561,Yes
807763606,Yes
726131552,Yes
794717561,Yes
781083381,No
822386034,Yes
821118473,Yes
754483324,Yes
777666809,No
797303682,Yes
729918153,Yes
772291458,Yes
774582321,Yes
814932123,No
769160321,Yes
823684719,Yes
796530889,Yes
725469277,Yes
785460281,Yes
723666914,Yes
778031614,Yes
809573717,Yes
790142445,Yes
783755497,No
766874145,No
793763131,Yes
797615774,No
745101354,No
719898467,No
743675025,No
804480884,No
755999398,Yes
803232106,No
777603574,Yes
782338532,Yes
708770140,No
826714096,Yes
768839725,Yes
747342720,Yes
763813451,No
730592187,No
780855857,Yes
802443147,No
806639338,Yes
784072603,Yes
787076449,Yes
749746516,Yes
733423924,Yes
782782631,Yes
724250851,No
740281973,Yes
790525804,No
739445663,No
822800481,Yes
743165353,Yes
776494915,Yes
736613819,Yes
743237070,Yes
735974978,Yes
757473902,Yes
741411823,Yes
751026508,Yes
743946644,Yes
827508552,No
788593677,Yes
755656957,Yes
731870006,Yes
753945637,Yes
821328495,Yes
801220131,No
782101819,Yes
810676922,No
797137873,Yes
756618128,Yes
748577905,No
763287800,Yes
799896139,Yes
778020056,Yes
819634066,Yes
745055268,No
801151674,Yes
805740994,Yes
821686880,Yes
808462851,Yes
781427771,Yes
752599440,Yes
822676861,Yes
785458976,Yes
765138139,Yes
785514812,Yes
751469094,Yes
741736036,Yes
762249840,Yes
828331426,Yes
793614004,Yes
785828459,Yes
804656347,Yes
801454168,Yes
746222566,Yes
716562683,Yes
789904272,Yes
757720003,Yes
788675456,Yes
727639354,Yes
711844522,Yes
733833734,Yes
719246879,Yes
820564505,Yes
754086349,Yes
821574552,Yes
827798075,Yes
724263687,Yes
718942932,No
792725342,Yes
797580113,Yes
779800477,No
755334677,Yes
797968153,Yes
729064099,Yes
780638327,Yes
780773081,Yes
778575179,No
746983281,No
757648701,Yes
744901277,Yes
810952835,Yes
779074293,Yes
782561254,Yes
826629467,Yes
797514693,Yes
760354329,Yes
753818323,Yes
799116300,Yes
716107907,Yes
768452858,No
804893658,Yes
730115183,Yes
796336552,No
801550393,Yes
769518755,Yes
823657029,Yes
810723355,Yes
769769809,Yes
819151920,Yes
741948706,Yes
751705047,Yes
754265170,Yes
820907675,Yes
758368742,Yes
764866869,Yes
750482186,Yes
746241332,Yes
751882088,Yes
809992874,No
713122140,Yes
770374193,Yes
795503778,Yes
738067109,Yes
811295425,Yes
746877947,Yes
713070397,Yes
714710862,Yes
723550840,Yes
800121003,Yes
726953262,Yes
764644912,Yes
736253344,Yes
736383330,Yes
727488137,Yes
797658156,Yes
783665074,Yes
718175966,Yes
775205450,Yes
726330561,Yes
811618192,Yes
814620816,Yes
741059469,Yes
795716567,Yes
785088364,Yes
730298242,Yes
709875757,Yes
711969883,Yes
741267025,Yes
779381381,Yes
745317959,Yes
811148039,Yes
818151903,Yes
724063579,Yes
752634314,Yes
821459918,Yes
813757545,Yes
786902643,Yes
766894209,Yes
741488151,No
824339913,No
804413333,Yes
742971493,Yes
761140759,Yes
732271093,Yes
798482725,Yes
804104036,No
742644544,Yes
709674549,Yes
758988074,Yes
814809123,Yes
825896597,Yes
765770277,Yes
819567780,Yes
807798028,Yes
742803250,No
793448979,Yes
770580252,Yes
810540553,Yes
721462124,Yes
761029049,Yes
765307984,Yes
734126042,Yes
821724522,Yes
761083543,Yes
709225134,Yes
767586661,Yes
775145179,Yes
750811778,Yes
711940267,Yes
774594338,Yes
730296381,Yes
784965431,Yes
764246139,Yes
761008894,Yes
781348001,Yes
825030809,Yes
787935431,Yes
739544798,Yes
817247308,Yes
747299060,Yes
800020685,No
784118866,Yes
737665234,Yes
729469419,Yes
779686589,Yes
761375076,No
761727480,Yes
730245196,Yes
738576337,Yes
737721044,Yes
761095733,No
723561059,Yes
782434984,Yes
789300871,No
721935815,Yes
795625700,No
730345874,Yes
807812432,Yes
799622716,Yes
789118876,Yes
749947363,Yes
824649515,Yes
756228344,Yes
713143606,Yes
790162015,Yes
736707439,Yes
783831970,Yes
725497262,Yes
806676839,No
811433300,Yes
726188326,Yes
742495787,Yes
773915808,Yes
720573082,Yes
736956398,Yes
793564839,Yes
780952684,Yes
752617333,Yes
768159715,Yes
712673257,Yes
781197635,Yes
769708010,Yes
758352899,Yes
780464656,No
787649529,Yes
824621536,Yes
806647590,Yes
741739984,Yes
797183997,Yes
808052450,Yes
752407013,No
737592545,No
772763637,Yes
734818302,Yes
725397689,Yes
806996051,Yes
732313324,Yes
804717380,Yes
782106752,Yes
774225755,Yes
817023444,Yes
827696562,Yes
784414174,Yes
757913054,Yes
750690046,Yes
819473255,Yes
714744754,Yes
754066148,Yes
754642268,Yes
798173419,Yes
784711816,No
799923902,No
801439705,Yes
716363711,No
765466592,Yes
804939798,Yes
814701702,Yes
798279004,Yes
743087919,Yes
810672423,Yes
745168650,No
791198107,Yes
777188267,No
745196428,Yes
773990186,No
734644791,Yes
771264336,Yes
772924645,No
800743071,Yes
709236646,Yes
800040820,Yes
756771773,Yes
751285263,Yes
823291908,No
794972642,Yes
715229139,Yes
763494280,Yes
720687290,Yes
784949121,Yes
740756391,Yes
794873483,Yes
722711550,Yes
777247647,Yes
743104242,Yes
794899962,Yes
801290351,No
715010483,Yes
774663560,Yes
792992731,Yes
824515297,Yes
724559087,Yes
827505692,Yes
827739273,Yes
761211553,Yes
726676435,Yes
718550989,No
761141038,Yes
824000951,Yes
791055090,Yes
823492475,Yes
811742698,No
813219555,Yes
711099787,Yes
715012524,No
721738781,Yes
746242462,Yes
757135848,Yes
729083800,No
802482921,Yes
731077689,Yes
815737902,Yes
742735130,Yes
757673114,Yes
731756724,Yes
793707844,Yes
803626771,Yes
825168640,Yes
739038067,Yes
741750075,Yes
728270255,Yes
814941338,Yes
810108900,Yes
728693151,Yes
805323513,Yes
729984221,Yes
742039683,Yes
801530636,Yes
730988830,Yes
819786995,Yes
794521093,Yes
762437154,Yes
727397007,Yes
771286022,Yes
743275632,Yes
752339234,Yes
789237201,Yes
727980945,Yes
778608665,Yes
813371122,Yes
817001839,Yes
827202009,Yes
732262983,Yes
826767670,Yes
749987996,Yes
763011787,Yes
728684902,Yes
825682102,Yes
775841553,Yes
713168974,Yes
776245147,Yes
777423503,Yes
740765630,Yes
746287965,Yes
771488915,Yes
717865672,Yes
725014468,Yes
792118925,Yes
742413217,Yes
758209916,Yes
752104250,No
809371214,Yes
803273241,Yes
708872646,Yes
807852334,Yes
823607625,Yes
826474381,Yes
747701164,Yes
792949603,Yes
724300288,Yes
722480702,Yes
823930946,Yes
721063010,Yes
760200523,Yes
741847568,Yes
819706118,Yes
749409648,Yes
757403731,Yes
804139557,Yes
804888414,Yes
743207822,Yes
723016086,Yes
716442498,Yes
709117061,Yes
748477333,Yes
810336919,No
792992671,Yes
800504201,Yes
738558013,Yes
793001586,No
819036959,Yes
810282427,Yes
738782038,Yes
826598910,Yes
769312672,Yes
813324014,Yes
789674331,Yes
770194760,Yes
717301519,Yes
798535828,Yes
719079833,Yes
812446254,No
803188084,No
764481089,Yes
813630785,Yes
753831581,Yes
715175995,Yes
821863470,Yes
769720077,Yes
823935000,Yes
816269132,Yes
715574770,Yes
775153189,Yes
757031667,No
817995156,Yes
804219763,Yes
740411873,No
784708417,Yes
791500647,Yes
804771289,Yes
730715319,No
825518986,Yes
827779262,Yes
811781300,Yes
765262669,Yes
733555404,Yes
795924874,Yes
810665608,Yes
720087527,Yes
749991944,Yes
718287073,Yes
775656664,Yes
803999199,Yes
766949690,No
797633552,Yes
767061243,Yes
824304909,Yes
711934763,Yes
805440521,Yes
726925028,Yes
805637921,Yes
817490440,Yes
759809413,Yes
727555333,Yes
739328222,Yes
816738958,Yes
735666969,Yes
741278119,Yes
791603653,Yes
734036477,Yes
728009933,Yes
763933592,Yes
809803250,Yes
826588049,No
745000806,Yes
769888298,Yes
728653855,No
787425257,Yes
816503343,Yes
797828775,Yes
722628967,Yes
722686832,Yes
768330065,No
793894541,Yes
801547590,Yes
827618674,Yes
711480319,Yes
723575359,No
816393337,Yes
770598071,Yes
818540854,Yes
805661225,Yes
805185764,Yes
768760529,Yes
709559583,Yes
766138454,Yes
762391645,Yes
716289360,Yes
771031064,No
724437953,No
738045196,Yes
773267130,Yes
798694479,Yes
803521261,Yes
752656677,Yes
745752486,Yes
729404117,Yes
722359868,Yes
762756093,Yes
725956367,Yes
817143552,Yes
777605635,Yes
714645862,Yes
722311259,Yes
808831617,No
759480441,No
787348835,No
776343759,Yes
732927154,Yes
807201503,Yes
789025149,Yes
722632597,Yes
782826720,Yes
766438283,No
743355770,Yes
795867837,Yes
728349289,Yes
751093581,Yes
782891958,Yes
783685414,Yes
769669549,Yes
781317274,Yes
782300176,No
763669331,Yes
750853595,Yes
762165402,Yes
783818744,No
800378576,Yes
734472950,Yes
740644048,Yes
818023272,Yes
771175360,Yes
763871758,Yes
721250116,Yes
767715117,Yes
801676615,Yes
755229037,Yes
793952714,Yes
816380178,Yes
783847901,Yes
815556645,Yes
787911649,Yes
725843106,Yes
731241427,No
799501524,Yes
755709490,No
715076497,Yes
751423982,Yes
782619612,Yes
710957757,Yes
813357799,Yes
719602484,No
803015469,Yes
827966176,No
726463686,Yes
777997157,Yes
748607701,Yes
740393529,Yes
745352833,Yes
723402006,Yes
796325899,Yes
772301361,Yes
735073905,Yes
749547420,Yes
787631432,No
755174587,Yes
733520178,Yes
741544273,Yes
752189907,Yes
799640812,Yes
815535661,No
782708130,Yes
762338974,Yes
794184878,Yes
777939680,Yes
772406402,Yes
711203368,Yes
717076079,Yes
774330029,Yes
712900239,Yes
826934423,Yes
748070533,Yes
821890177,Yes
769102874,Yes
741251843,Yes
760021134,Yes
762360180,No
771828463,Yes
774716786,No
806777968,Yes
772974133,Yes
766862418,Yes
799862653,No
823438732,Yes
823377383,Yes
747198198,Yes
796912855,Yes
792245517,Yes
743977174,Yes
713469999,No
809991788,Yes
789319688,Yes
709627281,Yes
825569499,Yes
772783215,Yes
708356592,Yes
787041528,Yes
738159776,Yes
816464535,Yes
760600375,No
771209878,Yes
723313163,Yes
766471459,Yes
769766126,Yes
775508556,No
735085677,Yes
776432799,No
727724328,Yes
774015797,Yes
710166792,Yes
795090941,Yes
803480058,Yes
733370327,Yes
788402968,No
746678861,Yes
805327473,Yes
790133110,Yes
821468286,Yes
822731733,Yes
786348631,Yes
798844142,Yes
747447452,Yes
801933576,Yes
775181295,No
801315113,Yes
812421379,Yes
802012900,No
735392937,Yes
827149892,Yes
774184688,Yes
736380442,Yes
825600506,Yes
791720929,Yes
803609270,Yes
726375073,Yes
732200613,Yes
715816782,Yes
741771378,No
725529375,Yes
784852801,Yes
794411820,Yes
823895501,Yes
718845701,Yes
770202768,Yes
713496521,No
761238423,Yes
752991471,Yes
753005271,Yes
714699965,No
767041855,Yes
749665404,Yes
795537543,Yes
771498556,No
733155774,Yes
757279160,Yes
793089927,Yes
753266278,Yes
775199821,Yes
761290755,Yes
764432498,Yes
736980347,Yes
801071556,Yes
768758302,No
799990145,No
754803190,Yes
766869520,Yes
805196505,Yes
745433060,Yes
778050119,Yes
781510645,Yes
727548545,Yes
750045601,Yes
735852899,Yes
761850289,Yes
818847144,Yes
710532818,No
768385245,Yes
724472220,Yes
739150356,Yes
797367262,Yes
730492545,Yes
726717639,Yes
790539822,Yes
746671836,Yes
795337616,Yes
812693082,Yes
734207314,Yes
748571397,Yes
825844106,No
773453846,Yes
786218146,Yes
781980301,Yes
719812974,Yes
754509906,Yes
762870932,Yes
822432484,Yes
718709554,Yes
752245616,Yes
803075058,Yes
823613523,Yes
823813072,Yes
815399996,Yes
716419386,No
809785533,Yes
716238766,No
741809967,Yes
744139220,Yes
774215948,Yes
720084977,No
769896423,Yes
729397030,Yes
768445998,Yes
771612214,Yes
728874481,Yes
736647352,Yes
778509974,Yes
734602880,Yes
777353593,No
826772489,Yes
726906362,No
719326622,Yes
826557103,Yes
736371159,Yes
793397631,Yes
730361722,Yes
740078002,Yes
769709472,Yes
781690323,Yes
819972294,Yes
769195859,Yes
818364552,No
772242003,No
796803982,Yes
748590272,Yes
753108748,Yes
760438212,Yes
763807614,Yes
763339118,Yes
739648578,No
814759549,Yes
804904694,Yes
767755114,Yes
747831199,No
792302956,Yes
732783927,Yes
747955061,Yes
801925115,Yes
796351514,No
724441268,Yes
708620311,Yes
797191255,Yes
764929226,No
723000414,Yes
738816226,Yes
738153442,Yes
758712298,Yes
724697387,Yes
780691973,Yes
770851067,Yes
761051337,Yes
767436219,Yes
743307646,Yes
738055438,Yes
733134774,Yes
815685615,Yes
815958277,Yes
757427485,Yes
778405785,Yes
795746483,Yes
721307328,Yes
811603230,Yes
721468009,Yes
752531695,Yes
791972025,Yes
750939448,No
730905724,Yes
811824377,Yes
826216744,Yes
712671587,Yes
737314113,Yes
746464361,Yes
818737140,Yes
757329868,Yes
727306372,Yes
827929800,Yes
750037892,Yes
817033021,No
715744578,Yes
828151802,Yes
735175344,Yes
796166321,Yes
735620727,No
767603470,Yes
773041801,Yes
812330825,Yes
758056166,Yes
746944389,Yes
754421780,Yes
736729341,Yes
717506899,Yes
768022821,Yes
765892563,Yes
757447585,Yes
722987130,Yes
750801748,Yes
735493671,Yes
820838545,Yes
807743734,Yes
810791845,Yes
740788000,Yes
773168877,Yes
757405194,Yes
763794555,Yes
799895676,Yes
789134735,Yes
808510720,Yes
802693578,Yes
764322126,Yes
721890024,Yes
765060588,Yes
744237518,Yes
759338295,Yes
756736838,Yes
716121762,Yes
709841898,No
711548620,Yes
824701899,Yes
712299482,Yes
758462346,Yes
722514487,Yes
809471869,Yes
806495878,Yes
787678690,Yes
746075007,Yes
754655902,No
734002258,Yes
775430388,Yes
818211572,Yes
744927233,No
771327573,Yes
752677621,Yes
788056041,Yes
806061126,Yes
754002939,No
754083930,Yes
770890814,Yes
747711984,Yes
754004658,Yes
772819104,Yes
789159882,Yes
763493408,Yes
742189688,Yes
743055089,No
776691139,Yes
816600640,No
755109228,No
744869037,Yes
823365426,Yes
785252479,Yes
798082230,Yes
759094677,Yes
773975588,Yes
781066263,Yes
744172325,Yes
816869755,Yes
765352754,Yes
800369862,Yes
728768197,Yes
827553735,Yes
730957791,Yes
781428351,Yes
718334506,Yes
819372249,No
735155331,No
754898142,Yes
812014865,Yes
825176673,No
712387331,Yes
759527776,No
724849423,Yes
824511904,Yes
752715251,Yes
773332747,Yes
710659158,No
752030974,Yes
726881664,Yes
804361556,Yes
730502980,Yes
767173062,Yes
764737005,Yes
737837378,Yes
740352039,No
790094725,Yes
801015778,Yes
762390752,Yes
754239556,Yes
796700561,Yes
750402762,Yes
730242085,Yes
715624926,Yes
782368422,Yes
811969331,Yes
788037425,Yes
803720950,Yes
826046504,Yes
773161923,Yes
807235930,Yes
727408051,Yes
794536869,Yes
748919213,Yes
797600967,Yes
758708276,Yes
716893234,Yes
816330732,No
808907666,Yes
783988222,Yes
775294448,Yes
714247076,Yes
788468076,Yes
718575528,Yes
760889754,Yes
712325941,Yes
806646673,Yes
723315175,No
771617677,Yes
733114247,No
715509093,Yes
793505379,Yes
793021005,Yes
755812273,No
821663640,Yes
788084329,Yes
735640543,Yes
734339977,Yes
822516308,Yes
717294173,Yes
759909771,Yes
716505879,No
787244537,Yes
781401491,Yes
758843136,Yes
729590575,Yes
784482665,Yes
741959039,Yes
737761446,Yes
815412006,Yes
774539883,Yes
762588036,Yes
779669442,Yes
710364404,Yes
808073073,Yes
735616673,Yes
759392360,Yes
760050481,Yes
762346100,Yes
709046070,Yes
756118609,Yes
764396430,Yes
726469849,Yes
767760722,Yes
792759406,Yes
738140657,Yes
774176940,Yes
763404030,Yes
733509111,Yes
709125675,Yes
819449288,Yes
726163847,Yes
816991074,Yes
753340875,Yes
772854986,Yes
714804389,Yes
813126582,Yes
773078877,No
826881168,Yes
708554860,Yes
717727979,Yes
787540030,Yes
802767226,Yes
744534743,Yes
728986250,Yes
733575240,Yes
807713359,Yes
765253448,Yes
713866030,No
772255382,Yes
711100811,No
751886978,No
818618106,Yes
795359549,No
754964379,Yes
749641789,Yes
787989993,Yes
816717209,No
806913561,Yes
747511084,Yes
754465181,Yes
792194085,Yes
716145624,Yes
793856405,Yes
734889421,Yes
818147776,Yes
826565754,Yes
771106069,No
758564861,Yes
811167702,Yes
807951368,Yes
760834249,No
736645435,Yes
804631709,Yes
721420697,Yes
770269784,No
739801830,Yes
725642199,Yes
803850147,Yes
721056081,Yes
781918014,No
809940501,Yes
732035765,Yes
723841305,Yes
827233108,Yes
804729098,Yes
821580491,Yes
714545489,Yes
731451021,Yes
793151780,Yes
756502602,Yes
719167795,Yes
755768425,No
808314964,Yes
755663092,Yes
821106222,Yes
801756065,No
804662491,Yes
747256551,Yes
827468106,Yes
779578565,Yes
783997512,Yes
754118849,Yes
792219520,Yes
738742667,Yes
758624151,Yes
743400490,Yes
787142293,Yes
777534030,Yes
710274628,No
797214535,Yes
750762081,Yes
798025305,Yes
804576970,No
761692465,Yes
799975599,Yes
734711106,Yes
716515551,Yes
709097874,Yes
783878782,Yes
712339281,Yes
734705333,Yes
727924230,Yes
725099975,Yes
741781535,No
712512168,Yes
825678941,Yes
826970767,Yes
793011252,Yes
823181416,Yes
731129212,No
729910752,Yes
779871160,Yes
723130470,Yes
724054878,Yes
709679676,No
827684939,Yes
814103048,Yes
819857771,No
738231516,Yes
723957373,Yes
761851281,Yes
717687716,Yes
724385790,Yes
801615288,Yes
805591387,No
729210803,Yes
765791512,Yes
732758049,Yes
795875226,Yes
789178240,Yes
729250338,No
802164060,Yes
711706296,Yes
774716552,No
801552150,Yes
775109974,Yes
813308464,Yes
727209206,No
792959198,Yes
730094880,No
710653999,Yes
796062537,Yes
824845743,No
767471305,Yes
711847935,Yes
768673783,Yes
786461177,No
756373545,Yes
789375627,Yes
802573968,Yes
814044812,Yes
802715789,Yes
810115960,Yes
716251788,Yes
714756768,Yes
780346111,Yes
797635514,Yes
799256761,Yes
825314937,Yes
714814491,Yes
734594029,Yes
713070008,Yes
722559167,Yes
773055520,Yes
814620641,Yes
825982363,Yes
762177975,Yes
729217628,No
721414413,No
769913427,No
749926316,Yes
756085554,Yes
734243345,Yes
722188462,Yes
815993475,Yes
825447791,Yes
792174352,Yes
818151303,Yes
811031994,Yes
734907927,Yes
725869548,Yes
788809375,Yes
748754013,Yes
751784510,No
721025336,Yes
786053224,Yes
815097427,Yes
790480080,Yes
790987644,Yes
796948494,Yes
728119901,Yes
763580039,Yes
783115955,Yes
739675352,Yes
804351037,Yes
784376021,Yes
760956921,Yes
783754279,Yes
769396253,Yes
778546937,Yes
743945896,Yes
801994206,Yes
804866730,Yes
749385485,Yes
815752312,No
726835620,No
799082720,Yes
772461704,Yes
796814814,Yes
793495107,No
744396245,Yes
738579261,Yes
744415166,Yes
774736764,Yes
732471185,Yes
818226970,Yes
776821697,Yes
813982250,Yes
811664748,Yes
827748972,Yes
723521204,Yes
798531994,Yes
753622025,Yes
809555484,Yes
759207318,Yes
806473071,Yes
782968666,Yes
800677652,Yes
793201110,Yes
800464068,Yes
712313679,Yes
818471380,No
823010831,Yes
758241801,Yes
747806290,Yes
784835895,Yes
741283369,Yes
727900863,Yes
807391880,Yes
762571675,Yes
753573620,No
789159294,Yes
764481013,Yes
790764439,Yes
812057166,Yes
708803321,Yes
810219786,Yes
760026563,Yes
801277575,Yes
802612509,Yes
740180017,No
728460561,Yes
714052990,Yes
708929286,Yes
765920042,Yes
810695838,Yes
765092859,No
744651653,Yes
823655690,No
824371596,Yes
742376111,Yes
744874635,No
741602081,Yes
720137185,Yes
737869114,Yes
713517484,Yes
740599318,Yes
758097744,Yes
719974944,Yes
725329294,Yes
717991551,Yes
720951878,Yes
821914539,Yes
725061614,Yes
794198124,Yes
758302315,No
801280936,No
724118188,No
788843854,Yes
819310990,Yes
795941611,Yes
735339492,Yes
768859463,Yes
756959527,Yes
743679252,Yes
726403229,Yes
822271845,Yes
825605898,Yes
746653570,Yes
721273974,No
774827655,Yes
727236081,No
748471222,Yes
712715074,Yes
770849750,Yes
799609351,Yes
785415002,Yes
815581922,Yes
738609618,Yes
738772961,Yes
721435790,Yes
822484222,Yes
816567161,Yes
772287410,Yes
751234979,Yes
778418304,Yes
729790791,Yes
785765836,Yes
784491579,Yes
750122800,No
777178751,Yes
711974616,Yes
763698753,Yes
